org,orgLabel
"{'type': 'uri', 'value': 'http://www.wikidata.org/entity/Q47099'}","{'xml:lang': 'en', 'type': 'literal', 'value': 'Grupo Televisa, owner of TelevisaUnivision'}"
"{'type': 'uri', 'value': 'http://www.wikidata.org/entity/Q565020'}","{'xml:lang': 'en', 'type': 'literal', 'value': 'Cuponzote'}"
"{'type': 'uri', 'value': 'http://www.wikidata.org/entity/Q576490'}","{'xml:lang': 'en', 'type': 'literal', 'value': 'Casas GEO'}"
"{'type': 'uri', 'value': 'http://www.wikidata.org/entity/Q590897'}","{'xml:lang': 'en', 'type': 'literal', 'value': 'Empresas ICA'}"
"{'type': 'uri', 'value': 'http://www.wikidata.org/entity/Q604034'}","{'xml:lang': 'en', 'type': 'literal', 'value': 'Atletica'}"
"{'type': 'uri', 'value': 'http://www.wikidata.org/entity/Q623591'}","{'xml:lang': 'en', 'type': 'literal', 'value': 'Grupo México'}"
"{'type': 'uri', 'value': 'http://www.wikidata.org/entity/Q630244'}","{'xml:lang': 'en', 'type': 'literal', 'value': 'Xtreme Fighters Latino'}"
"{'type': 'uri', 'value': 'http://www.wikidata.org/entity/Q429380'}","{'xml:lang': 'en', 'type': 'literal', 'value': 'Aeropuertos y Servicios Auxiliares'}"
"{'type': 'uri', 'value': 'http://www.wikidata.org/entity/Q482267'}","{'xml:lang': 'en', 'type': 'literal', 'value': 'América Móvil'}"
"{'type': 'uri', 'value': 'http://www.wikidata.org/entity/Q515411'}","{'type': 'literal', 'value': 'Q515411'}"
"{'type': 'uri', 'value': 'http://www.wikidata.org/entity/Q521673'}","{'xml:lang': 'en', 'type': 'literal', 'value': 'Grupo Modelo'}"
"{'type': 'uri', 'value': 'http://www.wikidata.org/entity/Q871308'}","{'xml:lang': 'en', 'type': 'literal', 'value': 'Pemex'}"
"{'type': 'uri', 'value': 'http://www.wikidata.org/entity/Q891559'}","{'xml:lang': 'en', 'type': 'literal', 'value': 'Mexican Stock Exchange'}"
"{'type': 'uri', 'value': 'http://www.wikidata.org/entity/Q917701'}","{'xml:lang': 'en', 'type': 'literal', 'value': 'ALFA Group'}"
"{'type': 'uri', 'value': 'http://www.wikidata.org/entity/Q266556'}","{'xml:lang': 'en', 'type': 'literal', 'value': 'Lanix'}"
"{'type': 'uri', 'value': 'http://www.wikidata.org/entity/Q735562'}","{'xml:lang': 'en', 'type': 'literal', 'value': 'Soriana'}"
"{'type': 'uri', 'value': 'http://www.wikidata.org/entity/Q749474'}","{'xml:lang': 'en', 'type': 'literal', 'value': 'Financial Group Banamex'}"
"{'type': 'uri', 'value': 'http://www.wikidata.org/entity/Q775031'}","{'xml:lang': 'en', 'type': 'literal', 'value': 'Grupo Bimbo'}"
"{'type': 'uri', 'value': 'http://www.wikidata.org/entity/Q806914'}","{'xml:lang': 'en', 'type': 'literal', 'value': 'Banorte'}"
"{'type': 'uri', 'value': 'http://www.wikidata.org/entity/Q1281055'}","{'xml:lang': 'en', 'type': 'literal', 'value': 'TV Azteca'}"
"{'type': 'uri', 'value': 'http://www.wikidata.org/entity/Q1146555'}","{'xml:lang': 'en', 'type': 'literal', 'value': 'Ocean Star Cruises'}"
"{'type': 'uri', 'value': 'http://www.wikidata.org/entity/Q1435628'}","{'xml:lang': 'en', 'type': 'literal', 'value': 'Tigres'}"
"{'type': 'uri', 'value': 'http://www.wikidata.org/entity/Q953932'}","{'xml:lang': 'en', 'type': 'literal', 'value': 'Sears'}"
"{'type': 'uri', 'value': 'http://www.wikidata.org/entity/Q1053348'}","{'xml:lang': 'en', 'type': 'literal', 'value': 'Cemex'}"
"{'type': 'uri', 'value': 'http://www.wikidata.org/entity/Q1056430'}","{'xml:lang': 'en', 'type': 'literal', 'value': 'HEINEKEN Mexico'}"
"{'type': 'uri', 'value': 'http://www.wikidata.org/entity/Q1621240'}","{'xml:lang': 'en', 'type': 'literal', 'value': 'Ferrocarril Suburbano de la Zona Metropolitana del Valle de México'}"
"{'type': 'uri', 'value': 'http://www.wikidata.org/entity/Q1688011'}","{'xml:lang': 'en', 'type': 'literal', 'value': 'Tequila Herradura'}"
"{'type': 'uri', 'value': 'http://www.wikidata.org/entity/Q2065136'}","{'xml:lang': 'en', 'type': 'literal', 'value': 'Moto Islo'}"
"{'type': 'uri', 'value': 'http://www.wikidata.org/entity/Q1757827'}","{'xml:lang': 'en', 'type': 'literal', 'value': 'Satmex'}"
"{'type': 'uri', 'value': 'http://www.wikidata.org/entity/Q2497795'}","{'xml:lang': 'en', 'type': 'literal', 'value': 'Coppel'}"
"{'type': 'uri', 'value': 'http://www.wikidata.org/entity/Q2511956'}","{'xml:lang': 'en', 'type': 'literal', 'value': 'Vehículos Automotores Mexicanos'}"
"{'type': 'uri', 'value': 'http://www.wikidata.org/entity/Q2646652'}","{'xml:lang': 'en', 'type': 'literal', 'value': 'Banco Nacional de México'}"
"{'type': 'uri', 'value': 'http://www.wikidata.org/entity/Q2839834'}","{'xml:lang': 'en', 'type': 'literal', 'value': 'Mixup'}"
"{'type': 'uri', 'value': 'http://www.wikidata.org/entity/Q2843626'}","{'xml:lang': 'en', 'type': 'literal', 'value': 'todito.com'}"
"{'type': 'uri', 'value': 'http://www.wikidata.org/entity/Q2855873'}","{'xml:lang': 'en', 'type': 'literal', 'value': 'Group Lala'}"
"{'type': 'uri', 'value': 'http://www.wikidata.org/entity/Q2874823'}","{'xml:lang': 'en', 'type': 'literal', 'value': 'Axtel'}"
"{'type': 'uri', 'value': 'http://www.wikidata.org/entity/Q2880934'}","{'xml:lang': 'en', 'type': 'literal', 'value': 'AT&T México'}"
"{'type': 'uri', 'value': 'http://www.wikidata.org/entity/Q2885364'}","{'type': 'literal', 'value': 'Q2885364'}"
"{'type': 'uri', 'value': 'http://www.wikidata.org/entity/Q2918415'}","{'xml:lang': 'en', 'type': 'literal', 'value': 'Codere'}"
"{'type': 'uri', 'value': 'http://www.wikidata.org/entity/Q2919781'}","{'xml:lang': 'en', 'type': 'literal', 'value': 'Claro TV'}"
"{'type': 'uri', 'value': 'http://www.wikidata.org/entity/Q2985173'}","{'xml:lang': 'en', 'type': 'literal', 'value': 'Mega Soriana'}"
"{'type': 'uri', 'value': 'http://www.wikidata.org/entity/Q3209285'}","{'xml:lang': 'en', 'type': 'literal', 'value': 'Grupo Reforma'}"
"{'type': 'uri', 'value': 'http://www.wikidata.org/entity/Q3323885'}","{'xml:lang': 'en', 'type': 'literal', 'value': 'Sky México'}"
"{'type': 'uri', 'value': 'http://www.wikidata.org/entity/Q3365858'}","{'xml:lang': 'en', 'type': 'literal', 'value': 'Bodega Aurrera'}"
"{'type': 'uri', 'value': 'http://www.wikidata.org/entity/Q3369963'}","{'xml:lang': 'en', 'type': 'literal', 'value': 'Jarritos'}"
"{'type': 'uri', 'value': 'http://www.wikidata.org/entity/Q3375400'}","{'xml:lang': 'en', 'type': 'literal', 'value': 'Jumex'}"
"{'type': 'uri', 'value': 'http://www.wikidata.org/entity/Q3376620'}","{'xml:lang': 'en', 'type': 'literal', 'value': 'Tajín'}"
"{'type': 'uri', 'value': 'http://www.wikidata.org/entity/Q3504746'}","{'xml:lang': 'en', 'type': 'literal', 'value': 'Supermercados Gigante'}"
"{'type': 'uri', 'value': 'http://www.wikidata.org/entity/Q3517255'}","{'xml:lang': 'en', 'type': 'literal', 'value': 'Telcel'}"
"{'type': 'uri', 'value': 'http://www.wikidata.org/entity/Q3517416'}","{'xml:lang': 'en', 'type': 'literal', 'value': 'Telnor'}"
"{'type': 'uri', 'value': 'http://www.wikidata.org/entity/Q3100803'}","{'xml:lang': 'en', 'type': 'literal', 'value': 'Genomma Lab Internacional'}"
"{'type': 'uri', 'value': 'http://www.wikidata.org/entity/Q3150581'}","{'xml:lang': 'en', 'type': 'literal', 'value': 'Industrias CH'}"
"{'type': 'uri', 'value': 'http://www.wikidata.org/entity/Q3570026'}","{'xml:lang': 'en', 'type': 'literal', 'value': 'World Wrestling Association'}"
"{'type': 'uri', 'value': 'http://www.wikidata.org/entity/Q4734781'}","{'xml:lang': 'en', 'type': 'literal', 'value': 'Alpek'}"
"{'type': 'uri', 'value': 'http://www.wikidata.org/entity/Q4735783'}","{'xml:lang': 'en', 'type': 'literal', 'value': 'Alsea'}"
"{'type': 'uri', 'value': 'http://www.wikidata.org/entity/Q4736968'}","{'xml:lang': 'en', 'type': 'literal', 'value': 'Altos Hornos de México'}"
"{'type': 'uri', 'value': 'http://www.wikidata.org/entity/Q4654057'}","{'xml:lang': 'en', 'type': 'literal', 'value': 'ASARCO'}"
"{'type': 'uri', 'value': 'http://www.wikidata.org/entity/Q4822661'}","{'xml:lang': 'en', 'type': 'literal', 'value': 'Aurrerá'}"
"{'type': 'uri', 'value': 'http://www.wikidata.org/entity/Q4836064'}","{'xml:lang': 'en', 'type': 'literal', 'value': 'BMW Mexico'}"
"{'type': 'uri', 'value': 'http://www.wikidata.org/entity/Q4854076'}","{'xml:lang': 'en', 'type': 'literal', 'value': 'Aztec Bank'}"
"{'type': 'uri', 'value': 'http://www.wikidata.org/entity/Q4854136'}","{'xml:lang': 'en', 'type': 'literal', 'value': 'Bancomext'}"
"{'type': 'uri', 'value': 'http://www.wikidata.org/entity/Q4859834'}","{'xml:lang': 'en', 'type': 'literal', 'value': 'Barcel'}"
"{'type': 'uri', 'value': 'http://www.wikidata.org/entity/Q4947983'}","{'xml:lang': 'en', 'type': 'literal', 'value': 'Boston Medical Group'}"
"{'type': 'uri', 'value': 'http://www.wikidata.org/entity/Q5014680'}","{'xml:lang': 'en', 'type': 'literal', 'value': 'CUDI'}"
"{'type': 'uri', 'value': 'http://www.wikidata.org/entity/Q5015708'}","{'xml:lang': 'en', 'type': 'literal', 'value': 'Cablemás'}"
"{'type': 'uri', 'value': 'http://www.wikidata.org/entity/Q5016358'}","{'xml:lang': 'en', 'type': 'literal', 'value': 'Grupo Cadena'}"
"{'type': 'uri', 'value': 'http://www.wikidata.org/entity/Q5021355'}","{'xml:lang': 'en', 'type': 'literal', 'value': 'Calimax'}"
"{'type': 'uri', 'value': 'http://www.wikidata.org/entity/Q5026777'}","{'xml:lang': 'en', 'type': 'literal', 'value': 'Camino Real Hotels'}"
"{'type': 'uri', 'value': 'http://www.wikidata.org/entity/Q5058673'}","{'xml:lang': 'en', 'type': 'literal', 'value': 'Cemento Cruz Azul'}"
"{'type': 'uri', 'value': 'http://www.wikidata.org/entity/Q5172898'}","{'xml:lang': 'en', 'type': 'literal', 'value': 'Correos de México'}"
"{'type': 'uri', 'value': 'http://www.wikidata.org/entity/Q5351735'}","{'xml:lang': 'en', 'type': 'literal', 'value': 'El Palacio de Hierro'}"
"{'type': 'uri', 'value': 'http://www.wikidata.org/entity/Q5435609'}","{'xml:lang': 'en', 'type': 'literal', 'value': 'Farmacias Guadalajara'}"
"{'type': 'uri', 'value': 'http://www.wikidata.org/entity/Q5435613'}","{'xml:lang': 'en', 'type': 'literal', 'value': 'Farmacias Benavides'}"
"{'type': 'uri', 'value': 'http://www.wikidata.org/entity/Q5520129'}","{'xml:lang': 'en', 'type': 'literal', 'value': 'Gamesa'}"
"{'type': 'uri', 'value': 'http://www.wikidata.org/entity/Q5549508'}","{'xml:lang': 'en', 'type': 'literal', 'value': 'Grupo CIE'}"
"{'type': 'uri', 'value': 'http://www.wikidata.org/entity/Q5584727'}","{'xml:lang': 'en', 'type': 'literal', 'value': 'Gorditas Doña Tota'}"
"{'type': 'uri', 'value': 'http://www.wikidata.org/entity/Q5612176'}","{'xml:lang': 'en', 'type': 'literal', 'value': 'Grupo Aeroportuario Centro Norte'}"
"{'type': 'uri', 'value': 'http://www.wikidata.org/entity/Q5612177'}","{'xml:lang': 'en', 'type': 'literal', 'value': 'Grupo Aeroportuario del Pacífico'}"
"{'type': 'uri', 'value': 'http://www.wikidata.org/entity/Q5612214'}","{'xml:lang': 'en', 'type': 'literal', 'value': 'Grupo Famsa'}"
"{'type': 'uri', 'value': 'http://www.wikidata.org/entity/Q5612239'}","{'xml:lang': 'en', 'type': 'literal', 'value': 'Grupo Multimedios'}"
"{'type': 'uri', 'value': 'http://www.wikidata.org/entity/Q5612245'}","{'xml:lang': 'en', 'type': 'literal', 'value': 'Grupo Posadas'}"
"{'type': 'uri', 'value': 'http://www.wikidata.org/entity/Q5612255'}","{'xml:lang': 'en', 'type': 'literal', 'value': 'GT Global'}"
"{'type': 'uri', 'value': 'http://www.wikidata.org/entity/Q5612263'}","{'xml:lang': 'en', 'type': 'literal', 'value': 'Grupo Vidanta'}"
"{'type': 'uri', 'value': 'http://www.wikidata.org/entity/Q5623157'}","{'xml:lang': 'en', 'type': 'literal', 'value': 'Guía Roji'}"
"{'type': 'uri', 'value': 'http://www.wikidata.org/entity/Q5635881'}","{'xml:lang': 'en', 'type': 'literal', 'value': 'HSBC Mexico'}"
"{'type': 'uri', 'value': 'http://www.wikidata.org/entity/Q5637853'}","{'xml:lang': 'en', 'type': 'literal', 'value': 'Transportes del Nazas'}"
"{'type': 'uri', 'value': 'http://www.wikidata.org/entity/Q5655160'}","{'xml:lang': 'en', 'type': 'literal', 'value': 'Hard Candy Fitness'}"
"{'type': 'uri', 'value': 'http://www.wikidata.org/entity/Q5665942'}","{'xml:lang': 'en', 'type': 'literal', 'value': 'Alestra'}"
"{'type': 'uri', 'value': 'http://www.wikidata.org/entity/Q5711393'}","{'xml:lang': 'en', 'type': 'literal', 'value': 'Audiomaster 3000'}"
"{'type': 'uri', 'value': 'http://www.wikidata.org/entity/Q5712397'}","{'type': 'literal', 'value': 'Q5712397'}"
"{'type': 'uri', 'value': 'http://www.wikidata.org/entity/Q5713064'}","{'type': 'literal', 'value': 'Q5713064'}"
"{'type': 'uri', 'value': 'http://www.wikidata.org/entity/Q5715556'}","{'xml:lang': 'en', 'type': 'literal', 'value': 'Bank of Central America'}"
"{'type': 'uri', 'value': 'http://www.wikidata.org/entity/Q5715748'}","{'xml:lang': 'en', 'type': 'literal', 'value': 'BNKR Arquitectura'}"
"{'type': 'uri', 'value': 'http://www.wikidata.org/entity/Q5717818'}","{'type': 'literal', 'value': 'Q5717818'}"
"{'type': 'uri', 'value': 'http://www.wikidata.org/entity/Q5718183'}","{'xml:lang': 'en', 'type': 'literal', 'value': 'BanBajío'}"
"{'type': 'uri', 'value': 'http://www.wikidata.org/entity/Q5719137'}","{'xml:lang': 'en', 'type': 'literal', 'value': 'Banco del Bienestar'}"
"{'type': 'uri', 'value': 'http://www.wikidata.org/entity/Q5731817'}","{'xml:lang': 'en', 'type': 'literal', 'value': 'Concarril bn'}"
"{'type': 'uri', 'value': 'http://www.wikidata.org/entity/Q5735902'}","{'xml:lang': 'en', 'type': 'literal', 'value': 'Alexander'}"
"{'type': 'uri', 'value': 'http://www.wikidata.org/entity/Q5737720'}","{'type': 'literal', 'value': 'Q5737720'}"
"{'type': 'uri', 'value': 'http://www.wikidata.org/entity/Q5739148'}","{'xml:lang': 'en', 'type': 'literal', 'value': 'Café Punta del Cielo'}"
"{'type': 'uri', 'value': 'http://www.wikidata.org/entity/Q5742457'}","{'xml:lang': 'en', 'type': 'literal', 'value': 'Caminos y Puentes Federales'}"
"{'type': 'uri', 'value': 'http://www.wikidata.org/entity/Q5748770'}","{'type': 'literal', 'value': 'Q5748770'}"
"{'type': 'uri', 'value': 'http://www.wikidata.org/entity/Q5763579'}","{'xml:lang': 'en', 'type': 'literal', 'value': 'Cervecería Moctezuma'}"
"{'type': 'uri', 'value': 'http://www.wikidata.org/entity/Q5769671'}","{'type': 'literal', 'value': 'Q5769671'}"
"{'type': 'uri', 'value': 'http://www.wikidata.org/entity/Q5812112'}","{'type': 'literal', 'value': 'Q5812112'}"
"{'type': 'uri', 'value': 'http://www.wikidata.org/entity/Q5822376'}","{'type': 'literal', 'value': 'Q5822376'}"
"{'type': 'uri', 'value': 'http://www.wikidata.org/entity/Q5852793'}","{'xml:lang': 'en', 'type': 'literal', 'value': 'Everis'}"
"{'type': 'uri', 'value': 'http://www.wikidata.org/entity/Q5855855'}","{'type': 'literal', 'value': 'Q5855855'}"
"{'type': 'uri', 'value': 'http://www.wikidata.org/entity/Q5869223'}","{'type': 'literal', 'value': 'Q5869223'}"
"{'type': 'uri', 'value': 'http://www.wikidata.org/entity/Q5872045'}","{'type': 'literal', 'value': 'Q5872045'}"
"{'type': 'uri', 'value': 'http://www.wikidata.org/entity/Q5876989'}","{'xml:lang': 'en', 'type': 'literal', 'value': 'General Motors de México'}"
"{'type': 'uri', 'value': 'http://www.wikidata.org/entity/Q5879372'}","{'type': 'literal', 'value': 'Q5879372'}"
"{'type': 'uri', 'value': 'http://www.wikidata.org/entity/Q5882250'}","{'type': 'literal', 'value': 'Q5882250'}"
"{'type': 'uri', 'value': 'http://www.wikidata.org/entity/Q5886021'}","{'xml:lang': 'en', 'type': 'literal', 'value': 'Grupo ACIR'}"
"{'type': 'uri', 'value': 'http://www.wikidata.org/entity/Q5886031'}","{'type': 'literal', 'value': 'Q5886031'}"
"{'type': 'uri', 'value': 'http://www.wikidata.org/entity/Q5886157'}","{'xml:lang': 'en', 'type': 'literal', 'value': 'Grupo Empresarial Ángeles'}"
"{'type': 'uri', 'value': 'http://www.wikidata.org/entity/Q5886180'}","{'type': 'literal', 'value': 'Q5886180'}"
"{'type': 'uri', 'value': 'http://www.wikidata.org/entity/Q5886240'}","{'xml:lang': 'en', 'type': 'literal', 'value': 'Grupo Imagen'}"
"{'type': 'uri', 'value': 'http://www.wikidata.org/entity/Q5886244'}","{'type': 'literal', 'value': 'Q5886244'}"
"{'type': 'uri', 'value': 'http://www.wikidata.org/entity/Q5886408'}","{'xml:lang': 'en', 'type': 'literal', 'value': 'Grupo Radio Centro'}"
"{'type': 'uri', 'value': 'http://www.wikidata.org/entity/Q5914649'}","{'type': 'literal', 'value': 'Q5914649'}"
"{'type': 'uri', 'value': 'http://www.wikidata.org/entity/Q5915728'}","{'xml:lang': 'en', 'type': 'literal', 'value': 'Infinitum'}"
"{'type': 'uri', 'value': 'http://www.wikidata.org/entity/Q5916125'}","{'type': 'literal', 'value': 'Q5916125'}"
"{'type': 'uri', 'value': 'http://www.wikidata.org/entity/Q5919414'}","{'type': 'literal', 'value': 'Q5919414'}"
"{'type': 'uri', 'value': 'http://www.wikidata.org/entity/Q5923622'}","{'type': 'literal', 'value': 'Q5923622'}"
"{'type': 'uri', 'value': 'http://www.wikidata.org/entity/Q5954183'}","{'xml:lang': 'en', 'type': 'literal', 'value': 'Hydra Technologies'}"
"{'type': 'uri', 'value': 'http://www.wikidata.org/entity/Q5961684'}","{'xml:lang': 'en', 'type': 'literal', 'value': 'LOB World Clothing'}"
"{'type': 'uri', 'value': 'http://www.wikidata.org/entity/Q5961758'}","{'type': 'literal', 'value': 'Q5961758'}"
"{'type': 'uri', 'value': 'http://www.wikidata.org/entity/Q5976339'}","{'type': 'literal', 'value': 'Q5976339'}"
"{'type': 'uri', 'value': 'http://www.wikidata.org/entity/Q5987390'}","{'type': 'literal', 'value': 'Q5987390'}"
"{'type': 'uri', 'value': 'http://www.wikidata.org/entity/Q6008960'}","{'xml:lang': 'en', 'type': 'literal', 'value': 'Meebox'}"
"{'type': 'uri', 'value': 'http://www.wikidata.org/entity/Q6395613'}","{'xml:lang': 'en', 'type': 'literal', 'value': 'Keuka'}"
"{'type': 'uri', 'value': 'http://www.wikidata.org/entity/Q6409886'}","{'xml:lang': 'en', 'type': 'literal', 'value': 'Kimberly-Clark de México'}"
"{'type': 'uri', 'value': 'http://www.wikidata.org/entity/Q6414506'}","{'xml:lang': 'en', 'type': 'literal', 'value': 'Kion de Mexico'}"
"{'type': 'uri', 'value': 'http://www.wikidata.org/entity/Q6440633'}","{'xml:lang': 'en', 'type': 'literal', 'value': 'Grupo BAL'}"
"{'type': 'uri', 'value': 'http://www.wikidata.org/entity/Q6024506'}","{'type': 'literal', 'value': 'Q6024506'}"
"{'type': 'uri', 'value': 'http://www.wikidata.org/entity/Q6025457'}","{'xml:lang': 'en', 'type': 'literal', 'value': 'Movistar México'}"
"{'type': 'uri', 'value': 'http://www.wikidata.org/entity/Q6025474'}","{'xml:lang': 'en', 'type': 'literal', 'value': 'Telefónica México'}"
"{'type': 'uri', 'value': 'http://www.wikidata.org/entity/Q6041655'}","{'xml:lang': 'en', 'type': 'literal', 'value': 'Nextel México'}"
"{'type': 'uri', 'value': 'http://www.wikidata.org/entity/Q6051516'}","{'type': 'literal', 'value': 'Q6051516'}"
"{'type': 'uri', 'value': 'http://www.wikidata.org/entity/Q6055473'}","{'type': 'literal', 'value': 'Q6055473'}"
"{'type': 'uri', 'value': 'http://www.wikidata.org/entity/Q6093543'}","{'xml:lang': 'en', 'type': 'literal', 'value': 'Italika'}"
"{'type': 'uri', 'value': 'http://www.wikidata.org/entity/Q6130898'}","{'type': 'literal', 'value': 'Q6130898'}"
"{'type': 'uri', 'value': 'http://www.wikidata.org/entity/Q6132613'}","{'type': 'literal', 'value': 'Q6132613'}"
"{'type': 'uri', 'value': 'http://www.wikidata.org/entity/Q6134992'}","{'xml:lang': 'en', 'type': 'literal', 'value': 'Suburbia'}"
"{'type': 'uri', 'value': 'http://www.wikidata.org/entity/Q6135762'}","{'xml:lang': 'en', 'type': 'literal', 'value': 'Superama'}"
"{'type': 'uri', 'value': 'http://www.wikidata.org/entity/Q6137663'}","{'type': 'literal', 'value': 'Q6137663'}"
"{'type': 'uri', 'value': 'http://www.wikidata.org/entity/Q6138296'}","{'xml:lang': 'en', 'type': 'literal', 'value': 'Taller Acústico S.C.'}"
"{'type': 'uri', 'value': 'http://www.wikidata.org/entity/Q6142853'}","{'type': 'literal', 'value': 'Q6142853'}"
"{'type': 'uri', 'value': 'http://www.wikidata.org/entity/Q6151102'}","{'xml:lang': 'en', 'type': 'literal', 'value': 'Totalplay'}"
"{'type': 'uri', 'value': 'http://www.wikidata.org/entity/Q6151263'}","{'type': 'literal', 'value': 'Q6151263'}"
"{'type': 'uri', 'value': 'http://www.wikidata.org/entity/Q6159355'}","{'xml:lang': 'en', 'type': 'literal', 'value': 'Valores Industriales'}"
"{'type': 'uri', 'value': 'http://www.wikidata.org/entity/Q6166147'}","{'type': 'literal', 'value': 'Q6166147'}"
"{'type': 'uri', 'value': 'http://www.wikidata.org/entity/Q6168616'}","{'type': 'literal', 'value': 'Q6168616'}"
"{'type': 'uri', 'value': 'http://www.wikidata.org/entity/Q6168617'}","{'type': 'literal', 'value': 'Q6168617'}"
"{'type': 'uri', 'value': 'http://www.wikidata.org/entity/Q6168620'}","{'type': 'literal', 'value': 'Q6168620'}"
"{'type': 'uri', 'value': 'http://www.wikidata.org/entity/Q6171720'}","{'xml:lang': 'en', 'type': 'literal', 'value': 'Zonda Telecom'}"
"{'type': 'uri', 'value': 'http://www.wikidata.org/entity/Q6174645'}","{'type': 'literal', 'value': 'Q6174645'}"
"{'type': 'uri', 'value': 'http://www.wikidata.org/entity/Q6808160'}","{'xml:lang': 'en', 'type': 'literal', 'value': 'Megacable'}"
"{'type': 'uri', 'value': 'http://www.wikidata.org/entity/Q6714509'}","{'xml:lang': 'en', 'type': 'literal', 'value': 'MASA'}"
"{'type': 'uri', 'value': 'http://www.wikidata.org/entity/Q6864249'}","{'xml:lang': 'en', 'type': 'literal', 'value': 'Minera San Xavier'}"
"{'type': 'uri', 'value': 'http://www.wikidata.org/entity/Q6943626'}","{'xml:lang': 'en', 'type': 'literal', 'value': 'Mut-vitz'}"
"{'type': 'uri', 'value': 'http://www.wikidata.org/entity/Q7141857'}","{'xml:lang': 'en', 'type': 'literal', 'value': 'Pascual Boing'}"
"{'type': 'uri', 'value': 'http://www.wikidata.org/entity/Q7446417'}","{'xml:lang': 'en', 'type': 'literal', 'value': 'Seguros Azteca'}"
"{'type': 'uri', 'value': 'http://www.wikidata.org/entity/Q7448831'}","{'xml:lang': 'en', 'type': 'literal', 'value': 'Selther'}"
"{'type': 'uri', 'value': 'http://www.wikidata.org/entity/Q7449251'}","{'xml:lang': 'en', 'type': 'literal', 'value': 'Semex'}"
"{'type': 'uri', 'value': 'http://www.wikidata.org/entity/Q7195474'}","{'xml:lang': 'en', 'type': 'literal', 'value': 'Pineda Covalín'}"
"{'type': 'uri', 'value': 'http://www.wikidata.org/entity/Q7247861'}","{'xml:lang': 'en', 'type': 'literal', 'value': 'Productos Mendoza'}"
"{'type': 'uri', 'value': 'http://www.wikidata.org/entity/Q7387069'}","{'xml:lang': 'en', 'type': 'literal', 'value': 'S-Mart'}"
"{'type': 'uri', 'value': 'http://www.wikidata.org/entity/Q7389452'}","{'xml:lang': 'en', 'type': 'literal', 'value': 'SDI Media Mexico'}"
"{'type': 'uri', 'value': 'http://www.wikidata.org/entity/Q7396446'}","{'xml:lang': 'en', 'type': 'literal', 'value': 'Sabritas'}"
"{'type': 'uri', 'value': 'http://www.wikidata.org/entity/Q7512267'}","{'xml:lang': 'en', 'type': 'literal', 'value': 'Sigma Alimentos'}"
"{'type': 'uri', 'value': 'http://www.wikidata.org/entity/Q7554165'}","{'xml:lang': 'en', 'type': 'literal', 'value': 'Softtek'}"
"{'type': 'uri', 'value': 'http://www.wikidata.org/entity/Q7621806'}","{'xml:lang': 'en', 'type': 'literal', 'value': 'Strategic Marine'}"
"{'type': 'uri', 'value': 'http://www.wikidata.org/entity/Q7696109'}","{'xml:lang': 'en', 'type': 'literal', 'value': 'Telecosmo'}"
"{'type': 'uri', 'value': 'http://www.wikidata.org/entity/Q7696837'}","{'xml:lang': 'en', 'type': 'literal', 'value': 'Telesistema Mexicano'}"
"{'type': 'uri', 'value': 'http://www.wikidata.org/entity/Q7696918'}","{'xml:lang': 'en', 'type': 'literal', 'value': 'Televisa Deportes'}"
"{'type': 'uri', 'value': 'http://www.wikidata.org/entity/Q7826080'}","{'xml:lang': 'en', 'type': 'literal', 'value': 'Tornel'}"
"{'type': 'uri', 'value': 'http://www.wikidata.org/entity/Q7827515'}","{'xml:lang': 'en', 'type': 'literal', 'value': 'Toryumon'}"
"{'type': 'uri', 'value': 'http://www.wikidata.org/entity/Q7835317'}","{'xml:lang': 'en', 'type': 'literal', 'value': 'Transportes Moctezuma de la Laguna'}"
"{'type': 'uri', 'value': 'http://www.wikidata.org/entity/Q7884173'}","{'xml:lang': 'en', 'type': 'literal', 'value': 'Unefón'}"
"{'type': 'uri', 'value': 'http://www.wikidata.org/entity/Q7894010'}","{'xml:lang': 'en', 'type': 'literal', 'value': 'Universal Lucha Libre'}"
"{'type': 'uri', 'value': 'http://www.wikidata.org/entity/Q7900558'}","{'xml:lang': 'en', 'type': 'literal', 'value': 'Uriarte Talavera'}"
"{'type': 'uri', 'value': 'http://www.wikidata.org/entity/Q8076952'}","{'xml:lang': 'en', 'type': 'literal', 'value': 'Ánima Estudios'}"
"{'type': 'uri', 'value': 'http://www.wikidata.org/entity/Q9008090'}","{'xml:lang': 'en', 'type': 'literal', 'value': 'Imevisión'}"
"{'type': 'uri', 'value': 'http://www.wikidata.org/entity/Q9025671'}","{'xml:lang': 'en', 'type': 'literal', 'value': 'Luz y Fuerza del Centro'}"
"{'type': 'uri', 'value': 'http://www.wikidata.org/entity/Q9026411'}","{'xml:lang': 'en', 'type': 'literal', 'value': 'MVS Comunicaciones'}"
"{'type': 'uri', 'value': 'http://www.wikidata.org/entity/Q9085582'}","{'xml:lang': 'en', 'type': 'literal', 'value': 'Televisa Internacional'}"
"{'type': 'uri', 'value': 'http://www.wikidata.org/entity/Q9089355'}","{'xml:lang': 'en', 'type': 'literal', 'value': 'TracFone Wireless'}"
"{'type': 'uri', 'value': 'http://www.wikidata.org/entity/Q11121253'}","{'type': 'literal', 'value': 'Q11121253'}"
"{'type': 'uri', 'value': 'http://www.wikidata.org/entity/Q11680385'}","{'xml:lang': 'en', 'type': 'literal', 'value': 'Izzi Telecom'}"
"{'type': 'uri', 'value': 'http://www.wikidata.org/entity/Q11682223'}","{'xml:lang': 'en', 'type': 'literal', 'value': 'Grupo Gigante'}"
"{'type': 'uri', 'value': 'http://www.wikidata.org/entity/Q12147140'}","{'xml:lang': 'en', 'type': 'literal', 'value': 'Minera Real de Angeles'}"
"{'type': 'uri', 'value': 'http://www.wikidata.org/entity/Q12176488'}","{'xml:lang': 'en', 'type': 'literal', 'value': 'Aguila Ammunition'}"
"{'type': 'uri', 'value': 'http://www.wikidata.org/entity/Q16487355'}","{'xml:lang': 'en', 'type': 'literal', 'value': 'Administradora Coahuilense de Infraestructura y Transporte Aéreo'}"
"{'type': 'uri', 'value': 'http://www.wikidata.org/entity/Q16489891'}","{'type': 'literal', 'value': 'Q16489891'}"
"{'type': 'uri', 'value': 'http://www.wikidata.org/entity/Q16564015'}","{'type': 'literal', 'value': 'Q16564015'}"
"{'type': 'uri', 'value': 'http://www.wikidata.org/entity/Q16570122'}","{'xml:lang': 'en', 'type': 'literal', 'value': 'Fundidora Monterrey'}"
"{'type': 'uri', 'value': 'http://www.wikidata.org/entity/Q16572768'}","{'type': 'literal', 'value': 'Q16572768'}"
"{'type': 'uri', 'value': 'http://www.wikidata.org/entity/Q16587311'}","{'type': 'literal', 'value': 'Q16587311'}"
"{'type': 'uri', 'value': 'http://www.wikidata.org/entity/Q16587483'}","{'type': 'literal', 'value': 'Q16587483'}"
"{'type': 'uri', 'value': 'http://www.wikidata.org/entity/Q16618159'}","{'type': 'literal', 'value': 'Q16618159'}"
"{'type': 'uri', 'value': 'http://www.wikidata.org/entity/Q17058108'}","{'type': 'literal', 'value': 'Q17058108'}"
"{'type': 'uri', 'value': 'http://www.wikidata.org/entity/Q17067129'}","{'xml:lang': 'en', 'type': 'literal', 'value': ""Grupo Anderson's""}"
"{'type': 'uri', 'value': 'http://www.wikidata.org/entity/Q17108693'}","{'xml:lang': 'en', 'type': 'literal', 'value': 'Casa Aramara'}"
"{'type': 'uri', 'value': 'http://www.wikidata.org/entity/Q17274895'}","{'type': 'literal', 'value': 'Q17274895'}"
"{'type': 'uri', 'value': 'http://www.wikidata.org/entity/Q17280695'}","{'xml:lang': 'en', 'type': 'literal', 'value': 'PJP4'}"
"{'type': 'uri', 'value': 'http://www.wikidata.org/entity/Q17479873'}","{'xml:lang': 'en', 'type': 'literal', 'value': 'Club Premier'}"
"{'type': 'uri', 'value': 'http://www.wikidata.org/entity/Q18418472'}","{'type': 'literal', 'value': 'Q18418472'}"
"{'type': 'uri', 'value': 'http://www.wikidata.org/entity/Q17620099'}","{'xml:lang': 'en', 'type': 'literal', 'value': 'Linio'}"
"{'type': 'uri', 'value': 'http://www.wikidata.org/entity/Q17620243'}","{'type': 'literal', 'value': 'Q17620243'}"
"{'type': 'uri', 'value': 'http://www.wikidata.org/entity/Q17622888'}","{'xml:lang': 'en', 'type': 'literal', 'value': 'Bio Pappel'}"
"{'type': 'uri', 'value': 'http://www.wikidata.org/entity/Q17631764'}","{'xml:lang': 'en', 'type': 'literal', 'value': 'Eutelsat Americas'}"
"{'type': 'uri', 'value': 'http://www.wikidata.org/entity/Q17633354'}","{'type': 'literal', 'value': 'Q17633354'}"
"{'type': 'uri', 'value': 'http://www.wikidata.org/entity/Q19691975'}","{'xml:lang': 'en', 'type': 'literal', 'value': 'Kurazai Motorcycles'}"
"{'type': 'uri', 'value': 'http://www.wikidata.org/entity/Q19939047'}","{'xml:lang': 'en', 'type': 'literal', 'value': 'Ganabet Mexico'}"
"{'type': 'uri', 'value': 'http://www.wikidata.org/entity/Q21010246'}","{'xml:lang': 'en', 'type': 'literal', 'value': 'Squad'}"
"{'type': 'uri', 'value': 'http://www.wikidata.org/entity/Q21015802'}","{'xml:lang': 'en', 'type': 'literal', 'value': 'Machina'}"
"{'type': 'uri', 'value': 'http://www.wikidata.org/entity/Q24655074'}","{'xml:lang': 'en', 'type': 'literal', 'value': 'Banco Nacional del Ejército, Fuerza Aérea y Armada, S.N.C.'}"
"{'type': 'uri', 'value': 'http://www.wikidata.org/entity/Q26758095'}","{'xml:lang': 'en', 'type': 'literal', 'value': 'Politec'}"
"{'type': 'uri', 'value': 'http://www.wikidata.org/entity/Q26765126'}","{'xml:lang': 'en', 'type': 'literal', 'value': 'La Comer'}"
"{'type': 'uri', 'value': 'http://www.wikidata.org/entity/Q27830263'}","{'xml:lang': 'en', 'type': 'literal', 'value': 'Ayco'}"
"{'type': 'uri', 'value': 'http://www.wikidata.org/entity/Q28155510'}","{'xml:lang': 'en', 'type': 'literal', 'value': 'Cielito Querido Café'}"
"{'type': 'uri', 'value': 'http://www.wikidata.org/entity/Q30269288'}","{'xml:lang': 'en', 'type': 'literal', 'value': 'Merck Sharp & Dohme (Mexico)'}"
"{'type': 'uri', 'value': 'http://www.wikidata.org/entity/Q30273336'}","{'xml:lang': 'en', 'type': 'literal', 'value': 'Boehringer Ingelheim (Mexico)'}"
"{'type': 'uri', 'value': 'http://www.wikidata.org/entity/Q43895045'}","{'xml:lang': 'en', 'type': 'literal', 'value': 'Laboratorios Sophia (Mexico)'}"
"{'type': 'uri', 'value': 'http://www.wikidata.org/entity/Q50039747'}","{'xml:lang': 'en', 'type': 'literal', 'value': 'Novartis (Mexico)'}"
"{'type': 'uri', 'value': 'http://www.wikidata.org/entity/Q48783378'}","{'xml:lang': 'en', 'type': 'literal', 'value': 'Vips'}"
"{'type': 'uri', 'value': 'http://www.wikidata.org/entity/Q48835586'}","{'xml:lang': 'en', 'type': 'literal', 'value': 'Toks'}"
"{'type': 'uri', 'value': 'http://www.wikidata.org/entity/Q50035374'}","{'xml:lang': 'en', 'type': 'literal', 'value': 'Instituto Lala (Mexico)'}"
"{'type': 'uri', 'value': 'http://www.wikidata.org/entity/Q52385869'}","{'xml:lang': 'en', 'type': 'literal', 'value': 'Solaris Hotels'}"
"{'type': 'uri', 'value': 'http://www.wikidata.org/entity/Q53469317'}","{'xml:lang': 'en', 'type': 'literal', 'value': 'Monte Xanic'}"
"{'type': 'uri', 'value': 'http://www.wikidata.org/entity/Q55605529'}","{'xml:lang': 'en', 'type': 'literal', 'value': 'Bital'}"
"{'type': 'uri', 'value': 'http://www.wikidata.org/entity/Q56585511'}","{'xml:lang': 'en', 'type': 'literal', 'value': 'Editorial Mexicana de Musica Internacional S.A. de C.V.'}"
"{'type': 'uri', 'value': 'http://www.wikidata.org/entity/Q61501534'}","{'xml:lang': 'en', 'type': 'literal', 'value': 'Cuauhtemoc Brewery'}"
"{'type': 'uri', 'value': 'http://www.wikidata.org/entity/Q61890241'}","{'xml:lang': 'en', 'type': 'literal', 'value': 'Las Estrellas Internacional'}"
"{'type': 'uri', 'value': 'http://www.wikidata.org/entity/Q62564610'}","{'xml:lang': 'en', 'type': 'literal', 'value': 'Farmacias Similares'}"
"{'type': 'uri', 'value': 'http://www.wikidata.org/entity/Q76761850'}","{'xml:lang': 'en', 'type': 'literal', 'value': 'Bitso'}"
"{'type': 'uri', 'value': 'http://www.wikidata.org/entity/Q78791679'}","{'type': 'literal', 'value': 'Q78791679'}"
"{'type': 'uri', 'value': 'http://www.wikidata.org/entity/Q79461809'}","{'xml:lang': 'en', 'type': 'literal', 'value': 'SV Audio Solutions'}"
"{'type': 'uri', 'value': 'http://www.wikidata.org/entity/Q84170824'}","{'xml:lang': 'en', 'type': 'literal', 'value': 'Witness MX'}"
"{'type': 'uri', 'value': 'http://www.wikidata.org/entity/Q71327536'}","{'type': 'literal', 'value': 'Q71327536'}"
"{'type': 'uri', 'value': 'http://www.wikidata.org/entity/Q73747539'}","{'xml:lang': 'en', 'type': 'literal', 'value': 'GTE General de telecomunicaciones'}"
"{'type': 'uri', 'value': 'http://www.wikidata.org/entity/Q74165582'}","{'xml:lang': 'en', 'type': 'literal', 'value': 'Novedades Electronicas S.A.'}"
"{'type': 'uri', 'value': 'http://www.wikidata.org/entity/Q75755892'}","{'xml:lang': 'en', 'type': 'literal', 'value': 'ABC Noticias'}"
"{'type': 'uri', 'value': 'http://www.wikidata.org/entity/Q99870192'}","{'xml:lang': 'en', 'type': 'literal', 'value': 'Treehouse Entertainment'}"
"{'type': 'uri', 'value': 'http://www.wikidata.org/entity/Q102291616'}","{'type': 'literal', 'value': 'Q102291616'}"
"{'type': 'uri', 'value': 'http://www.wikidata.org/entity/Q99959844'}","{'xml:lang': 'en', 'type': 'literal', 'value': 'Café Baristi'}"
"{'type': 'uri', 'value': 'http://www.wikidata.org/entity/Q100249498'}","{'xml:lang': 'en', 'type': 'literal', 'value': 'Discos y Cintas Melody, S.A.'}"
"{'type': 'uri', 'value': 'http://www.wikidata.org/entity/Q100956116'}","{'xml:lang': 'en', 'type': 'literal', 'value': 'Novo Nordisk (Mexico)'}"
"{'type': 'uri', 'value': 'http://www.wikidata.org/entity/Q100956125'}","{'xml:lang': 'en', 'type': 'literal', 'value': 'Sanofi (Mexico)'}"
"{'type': 'uri', 'value': 'http://www.wikidata.org/entity/Q104216684'}","{'type': 'literal', 'value': 'Q104216684'}"
"{'type': 'uri', 'value': 'http://www.wikidata.org/entity/Q104218061'}","{'type': 'literal', 'value': 'Q104218061'}"
"{'type': 'uri', 'value': 'http://www.wikidata.org/entity/Q104218069'}","{'type': 'literal', 'value': 'Q104218069'}"
"{'type': 'uri', 'value': 'http://www.wikidata.org/entity/Q104855363'}","{'xml:lang': 'en', 'type': 'literal', 'value': 'Edufold'}"
"{'type': 'uri', 'value': 'http://www.wikidata.org/entity/Q106369984'}","{'xml:lang': 'en', 'type': 'literal', 'value': 'Lizos Music'}"
"{'type': 'uri', 'value': 'http://www.wikidata.org/entity/Q106411713'}","{'xml:lang': 'en', 'type': 'literal', 'value': 'Bayer (Mexico)'}"
"{'type': 'uri', 'value': 'http://www.wikidata.org/entity/Q105630774'}","{'xml:lang': 'en', 'type': 'literal', 'value': 'Novusred'}"
"{'type': 'uri', 'value': 'http://www.wikidata.org/entity/Q106895656'}","{'xml:lang': 'en', 'type': 'literal', 'value': 'Dirty'}"
"{'type': 'uri', 'value': 'http://www.wikidata.org/entity/Q107048623'}","{'xml:lang': 'en', 'type': 'literal', 'value': 'Digibuy'}"
"{'type': 'uri', 'value': 'http://www.wikidata.org/entity/Q107122465'}","{'xml:lang': 'en', 'type': 'literal', 'value': 'Galeria Emilia Cohen'}"
"{'type': 'uri', 'value': 'http://www.wikidata.org/entity/Q107578371'}","{'xml:lang': 'en', 'type': 'literal', 'value': 'Resuelve tu Deuda'}"
"{'type': 'uri', 'value': 'http://www.wikidata.org/entity/Q108539714'}","{'xml:lang': 'en', 'type': 'literal', 'value': 'Devy'}"
"{'type': 'uri', 'value': 'http://www.wikidata.org/entity/Q108547811'}","{'xml:lang': 'en', 'type': 'literal', 'value': 'YIPARD'}"
"{'type': 'uri', 'value': 'http://www.wikidata.org/entity/Q108679982'}","{'xml:lang': 'en', 'type': 'literal', 'value': 'Jardin de Greta'}"
"{'type': 'uri', 'value': 'http://www.wikidata.org/entity/Q108757121'}","{'xml:lang': 'en', 'type': 'literal', 'value': 'Owlify'}"
"{'type': 'uri', 'value': 'http://www.wikidata.org/entity/Q110702340'}","{'xml:lang': 'en', 'type': 'literal', 'value': 'Sushi Roll'}"
"{'type': 'uri', 'value': 'http://www.wikidata.org/entity/Q110938496'}","{'xml:lang': 'en', 'type': 'literal', 'value': 'Kavak'}"
